{"cameraMode":{"drawMode":0,"name":"Shaded","section":"Shading Mode"},"sceneLighting":true,"audioPlay":false,"sceneViewState":{"m_AlwaysRefresh":false,"showFog":true,"showSkybox":true,"showFlares":true,"showImageEffects":true,"showParticleSystems":true,"showVisualEffectGraphs":true,"m_FxEnabled":true},"in2DMode":false,"pivot":{"x":181.32859802246095,"y":6.100695610046387,"z":33.70219421386719},"rotation":{"x":0.006289362441748381,"y":0.9840983152389526,"z":-0.18210725486278535,"w":0.031123578548431398},"size":1.2860679626464844,"orthographic":false}