{"cameraMode":{"drawMode":0,"name":"Shaded","section":"Shading Mode"},"sceneLighting":true,"audioPlay":false,"sceneViewState":{"m_AlwaysRefresh":false,"showFog":true,"showSkybox":true,"showFlares":true,"showImageEffects":true,"showParticleSystems":true,"showVisualEffectGraphs":true,"m_FxEnabled":true},"in2DMode":false,"pivot":{"x":180.91404724121095,"y":7.056281566619873,"z":34.63249588012695},"rotation":{"x":-0.015911009162664415,"y":0.948958158493042,"z":-0.31669801473617556,"w":-0.04153118655085564},"size":0.8660253882408142,"orthographic":false}